{"cameraMode":{"drawMode":0,"name":"Shaded","section":"Shading Mode"},"sceneLighting":true,"audioPlay":false,"sceneViewState":{"m_AlwaysRefresh":false,"showFog":true,"showSkybox":true,"showFlares":true,"showImageEffects":true,"showParticleSystems":true,"showVisualEffectGraphs":true,"m_FxEnabled":true},"in2DMode":false,"pivot":{"x":21.64661979675293,"y":1.1571991443634034,"z":12.951950073242188},"rotation":{"x":-0.06369995325803757,"y":0.9361762404441834,"z":-0.2530572712421417,"w":-0.23565948009490968},"size":1.6624693870544434,"orthographic":true}