{"cameraMode":{"drawMode":0,"name":"Shaded","section":"Shading Mode"},"sceneLighting":true,"audioPlay":false,"sceneViewState":{"m_AlwaysRefresh":false,"showFog":true,"showSkybox":true,"showFlares":true,"showImageEffects":true,"showParticleSystems":true,"showVisualEffectGraphs":true,"m_FxEnabled":true},"in2DMode":false,"pivot":{"x":10.911364555358887,"y":-10.36126708984375,"z":13.863309860229493},"rotation":{"x":-0.33657291531562807,"y":0.6280442476272583,"z":-0.34602299332618716,"w":-0.6105120182037354},"size":20.684200286865236,"orthographic":false}