{"cameraMode":{"drawMode":0,"name":"Shaded","section":"Shading Mode"},"sceneLighting":true,"audioPlay":false,"sceneViewState":{"m_AlwaysRefresh":false,"showFog":true,"showSkybox":true,"showFlares":true,"showImageEffects":true,"showParticleSystems":true,"showVisualEffectGraphs":true,"m_FxEnabled":true},"in2DMode":false,"pivot":{"x":12.255128860473633,"y":1.8633769750595093,"z":17.592382431030275},"rotation":{"x":-0.27215564250946047,"y":-0.02361929789185524,"z":0.0069381785579025749,"w":-0.962017834186554},"size":2.735975503921509,"orthographic":false}