{"cameraMode":{"drawMode":0,"name":"Shaded","section":"Shading Mode"},"sceneLighting":true,"audioPlay":false,"sceneViewState":{"m_AlwaysRefresh":false,"showFog":true,"showSkybox":true,"showFlares":true,"showImageEffects":true,"showParticleSystems":true,"showVisualEffectGraphs":true,"m_FxEnabled":true},"in2DMode":false,"pivot":{"x":19.817758560180665,"y":3.255131959915161,"z":9.228229522705079},"rotation":{"x":-0.38236263394355776,"y":0.40481841564178469,"z":-0.19047701358795167,"w":-0.8086405992507935},"size":3.6939237117767336,"orthographic":false}